date,core_cpi,core_cpi_yoy_change
1957-01-01,28.5,
1957-02-01,28.6,
1957-03-01,28.7,
1957-04-01,28.8,
1957-05-01,28.8,
1957-06-01,28.9,
1957-07-01,29.0,
1957-08-01,29.0,
1957-09-01,29.1,
1957-10-01,29.2,
1957-11-01,29.3,
1957-12-01,29.3,
1958-01-01,29.3,2.807017543859658
1958-02-01,29.4,2.7972027972027913
1958-03-01,29.5,2.7874564459930307
1958-04-01,29.5,2.430555555555558
1958-05-01,29.5,2.430555555555558
1958-06-01,29.6,2.422145328719738
1958-07-01,29.6,2.0689655172413834
1958-08-01,29.6,2.0689655172413834
1958-09-01,29.7,2.0618556701030855
1958-10-01,29.7,1.7123287671232834
1958-11-01,29.8,1.7064846416382284
1958-12-01,29.9,2.0477815699658564
1959-01-01,29.9,2.0477815699658564
1959-02-01,29.9,1.7006802721088343
1959-03-01,30.0,1.6949152542372836
1959-04-01,30.0,1.6949152542372836
1959-05-01,30.1,2.033898305084758
1959-06-01,30.2,2.0270270270270174
1959-07-01,30.2,2.0270270270270174
1959-08-01,30.2,2.0270270270270174
1959-09-01,30.3,2.020202020202033
1959-10-01,30.4,2.3569023569023573
1959-11-01,30.4,2.0134228187919323
1959-12-01,30.5,2.006688963210701
1960-01-01,30.5,2.006688963210701
1960-02-01,30.6,2.34113712374584
1960-03-01,30.6,2.0000000000000018
1960-04-01,30.6,2.0000000000000018
1960-05-01,30.6,1.661129568106312
1960-06-01,30.7,1.655629139072845
1960-07-01,30.6,1.324503311258285
1960-08-01,30.6,1.324503311258285
1960-09-01,30.6,0.990099009900991
1960-10-01,30.8,1.3157894736842257
1960-11-01,30.8,1.3157894736842257
1960-12-01,30.7,0.6557377049180246
1961-01-01,30.8,0.9836065573770592
1961-02-01,30.8,0.6535947712418277
1961-03-01,30.9,0.9803921568627416
1961-04-01,30.9,0.9803921568627416
1961-05-01,30.9,0.9803921568627416
1961-06-01,31.0,0.9771986970684043
1961-07-01,31.0,1.3071895424836555
1961-08-01,31.1,1.6339869281045694
1961-09-01,31.1,1.6339869281045694
1961-10-01,31.1,0.9740259740259827
1961-11-01,31.2,1.298701298701288
1961-12-01,31.2,1.6286644951140072
1962-01-01,31.2,1.298701298701288
1962-02-01,31.2,1.298701298701288
1962-03-01,31.3,1.2944983818770295
1962-04-01,31.3,1.2944983818770295
1962-05-01,31.4,1.6181229773462702
1962-06-01,31.4,1.2903225806451646
1962-07-01,31.4,1.2903225806451646
1962-08-01,31.5,1.2861736334405016
1962-09-01,31.5,1.2861736334405016
1962-10-01,31.5,1.2861736334405016
1962-11-01,31.5,0.9615384615384581
1962-12-01,31.6,1.2820512820512997
1963-01-01,31.5,0.9615384615384581
1963-02-01,31.6,1.2820512820512997
1963-03-01,31.7,1.2779552715654896
1963-04-01,31.7,1.2779552715654896
1963-05-01,31.7,0.9554140127388644
1963-06-01,31.8,1.273885350318471
1963-07-01,31.8,1.273885350318471
1963-08-01,31.9,1.2698412698412653
1963-09-01,31.9,1.2698412698412653
1963-10-01,32.0,1.5873015873015817
1963-11-01,32.0,1.5873015873015817
1963-12-01,32.1,1.5822784810126667
1964-01-01,32.2,2.2222222222222365
1964-02-01,32.2,1.8987341772152
1964-03-01,32.2,1.5772870662460692
1964-04-01,32.2,1.5772870662460692
1964-05-01,32.2,1.5772870662460692
1964-06-01,32.3,1.5723270440251458
1964-07-01,32.3,1.5723270440251458
1964-08-01,32.3,1.2539184952978122
1964-09-01,32.3,1.2539184952978122
1964-10-01,32.4,1.2499999999999956
1964-11-01,32.5,1.5625
1964-12-01,32.5,1.2461059190031154
1965-01-01,32.6,1.2422360248447228
1965-02-01,32.6,1.2422360248447228
1965-03-01,32.6,1.2422360248447228
1965-04-01,32.7,1.552795031055898
1965-05-01,32.7,1.552795031055898
1965-06-01,32.7,1.2383900928792713
1965-07-01,32.7,1.2383900928792713
1965-08-01,32.7,1.2383900928792713
1965-09-01,32.8,1.5479876160990669
1965-10-01,32.8,1.2345679012345734
1965-11-01,32.9,1.2307692307692353
1965-12-01,33.0,1.538461538461533
1966-01-01,33.0,1.2269938650306678
1966-02-01,33.1,1.5337423312883347
1966-03-01,33.1,1.5337423312883347
1966-04-01,33.3,1.83486238532109
1966-05-01,33.4,2.1406727828745975
1966-06-01,33.5,2.4464831804281273
1966-07-01,33.6,2.752293577981657
1966-08-01,33.7,3.0581039755351647
1966-09-01,33.8,3.0487804878048808
1966-10-01,34.0,3.658536585365857
1966-11-01,34.0,3.3434650455927084
1966-12-01,34.1,3.3333333333333437
1967-01-01,34.2,3.6363636363636376
1967-02-01,34.2,3.3232628398791597
1967-03-01,34.3,3.6253776435045237
1967-04-01,34.4,3.3033033033033066
1967-05-01,34.5,3.293413173652704
1967-06-01,34.6,3.2835820895522394
1967-07-01,34.7,3.2738095238095344
1967-08-01,34.9,3.5608308605341144
1967-09-01,35.0,3.550295857988184
1967-10-01,35.1,3.2352941176470695
1967-11-01,35.2,3.529411764705892
1967-12-01,35.4,3.8123167155425186
1968-01-01,35.5,3.801169590643272
1968-02-01,35.7,4.385964912280693
1968-03-01,35.8,4.37317784256559
1968-04-01,35.9,4.3604651162790775
1968-05-01,36.0,4.347826086956519
1968-06-01,36.2,4.6242774566473965
1968-07-01,36.4,4.899135446685876
1968-08-01,36.5,4.5845272206303855
1968-09-01,36.7,4.857142857142871
1968-10-01,36.9,5.12820512820511
1968-11-01,37.1,5.397727272727271
1968-12-01,37.2,5.084745762711873
1969-01-01,37.3,5.070422535211261
1969-02-01,37.6,5.3221288515406195
1969-03-01,37.8,5.586592178770955
1969-04-01,38.1,6.1281337047353945
1969-05-01,38.1,5.833333333333335
1969-06-01,38.3,5.80110497237567
1969-07-01,38.5,5.769230769230771
1969-08-01,38.7,6.02739726027397
1969-09-01,38.9,5.9945504087193235
1969-10-01,39.1,5.962059620596216
1969-11-01,39.2,5.660377358490565
1969-12-01,39.4,5.913978494623651
1970-01-01,39.6,6.166219839142095
1970-02-01,39.8,5.8510638297872175
1970-03-01,40.1,6.084656084656093
1970-04-01,40.4,6.036745406824129
1970-05-01,40.5,6.299212598425186
1970-06-01,40.8,6.5274151436031325
1970-07-01,40.9,6.233766233766236
1970-08-01,41.1,6.201550387596888
1970-09-01,41.3,6.169665809768632
1970-10-01,41.5,6.13810741687979
1970-11-01,41.8,6.632653061224469
1970-12-01,42.0,6.598984771573613
1971-01-01,42.1,6.313131313131315
1971-02-01,42.2,6.030150753768848
1971-03-01,42.2,5.2369077306733125
1971-04-01,42.4,4.950495049504955
1971-05-01,42.6,5.185185185185182
1971-06-01,42.8,4.90196078431373
1971-07-01,42.9,4.88997555012225
1971-08-01,43.0,4.622871046228716
1971-09-01,43.0,4.1162227602905554
1971-10-01,43.1,3.855421686746996
1971-11-01,43.2,3.349282296650724
1971-12-01,43.3,3.0952380952380842
1972-01-01,43.5,3.325415676959609
1972-02-01,43.6,3.3175355450236976
1972-03-01,43.6,3.3175355450236976
1972-04-01,43.8,3.301886792452824
1972-05-01,43.9,3.0516431924882514
1972-06-01,44.0,2.8037383177570208
1972-07-01,44.1,2.7972027972028135
1972-08-01,44.3,3.023255813953485
1972-09-01,44.3,3.023255813953485
1972-10-01,44.4,3.0162412993039345
1972-11-01,44.4,2.777777777777768
1972-12-01,44.6,3.002309468822184
1973-01-01,44.6,2.5287356321839205
1973-02-01,44.8,2.752293577981635
1973-03-01,45.0,3.2110091743119185
1973-04-01,45.1,2.9680365296803846
1973-05-01,45.3,3.1890660592255093
1973-06-01,45.4,3.1818181818181746
1973-07-01,45.5,3.1746031746031633
1973-08-01,45.7,3.1602708803611934
1973-09-01,46.0,3.8374717832957206
1973-10-01,46.3,4.279279279279269
1973-11-01,46.5,4.729729729729737
1973-12-01,46.7,4.7085201793722
1974-01-01,46.9,5.156950672645744
1974-02-01,47.2,5.35714285714286
1974-03-01,47.6,5.777777777777771
1974-04-01,47.9,6.208425720620836
1974-05-01,48.5,7.064017660044164
1974-06-01,49.0,7.929515418502198
1974-07-01,49.5,8.791208791208781
1974-08-01,50.2,9.84682713347922
1974-09-01,50.7,10.217391304347823
1974-10-01,51.2,10.583153347732189
1974-11-01,51.6,10.967741935483865
1974-12-01,52.0,11.34903640256959
1975-01-01,52.3,11.513859275053306
1975-02-01,52.8,11.864406779661007
1975-03-01,53.0,11.344537815126055
1975-04-01,53.3,11.27348643006263
1975-05-01,53.5,10.309278350515472
1975-06-01,53.8,9.795918367346923
1975-07-01,54.0,9.090909090909083
1975-08-01,54.2,7.968127490039834
1975-09-01,54.5,7.495069033530566
1975-10-01,54.8,7.031249999999978
1975-11-01,55.2,6.976744186046524
1975-12-01,55.5,6.730769230769229
1976-01-01,55.9,6.883365200764824
1976-02-01,56.2,6.439393939393945
1976-03-01,56.5,6.60377358490567
1976-04-01,56.7,6.378986866791747
1976-05-01,57.0,6.542056074766345
1976-06-01,57.2,6.3197026022304925
1976-07-01,57.6,6.666666666666665
1976-08-01,57.9,6.826568265682642
1976-09-01,58.2,6.788990825688068
1976-10-01,58.5,6.751824817518259
1976-11-01,58.7,6.340579710144922
1976-12-01,58.9,6.12612612612613
1977-01-01,59.3,6.082289803220031
1977-02-01,59.7,6.227758007117434
1977-03-01,60.0,6.194690265486735
1977-04-01,60.3,6.349206349206349
1977-05-01,60.6,6.315789473684208
1977-06-01,61.0,6.643356643356646
1977-07-01,61.2,6.25
1977-08-01,61.5,6.217616580310881
1977-09-01,61.8,6.185567010309279
1977-10-01,62.0,5.982905982905984
1977-11-01,62.3,6.132879045996575
1977-12-01,62.7,6.451612903225823
1978-01-01,63.1,6.408094435075884
1978-02-01,63.4,6.1976549413735205
1978-03-01,63.8,6.333333333333324
1978-04-01,64.3,6.633499170812596
1978-05-01,64.7,6.765676567656764
1978-06-01,65.2,6.8852459016393475
1978-07-01,65.6,7.189542483660127
1978-08-01,66.1,7.479674796747959
1978-09-01,66.7,7.928802588996775
1978-10-01,67.2,8.387096774193559
1978-11-01,67.6,8.50722311396468
1978-12-01,68.0,8.452950558213711
1979-01-01,68.5,8.557844690966721
1979-02-01,69.2,9.14826498422714
1979-03-01,69.8,9.404388714733546
1979-04-01,70.3,9.331259720062214
1979-05-01,70.8,9.428129829984533
1979-06-01,71.3,9.355828220858896
1979-07-01,71.9,9.60365853658538
1979-08-01,72.7,9.984871406959162
1979-09-01,73.3,9.8950524737631
1979-10-01,74.0,10.119047619047606
1979-11-01,74.8,10.650887573964507
1979-12-01,75.7,11.32352941176471
1980-01-01,76.7,11.970802919708024
1980-02-01,77.5,11.994219653179194
1980-03-01,78.6,12.60744985673352
1980-04-01,79.5,13.086770981507833
1980-05-01,80.1,13.13559322033897
1980-06-01,81.0,13.604488078541376
1980-07-01,80.8,12.37830319888733
1980-08-01,81.3,11.82943603851443
1980-09-01,82.1,12.005457025920862
1980-10-01,83.0,12.162162162162172
1980-11-01,83.9,12.165775401069535
1980-12-01,84.9,12.153236459709383
1981-01-01,85.4,11.342894393741854
1981-02-01,85.9,10.838709677419356
1981-03-01,86.4,9.92366412213741
1981-04-01,87.0,9.433962264150942
1981-05-01,87.8,9.612983770287142
1981-06-01,88.6,9.3827160493827
1981-07-01,89.8,11.138613861386148
1981-08-01,90.7,11.56211562115621
1981-09-01,91.8,11.814859926918398
1981-10-01,92.1,10.963855421686741
1981-11-01,92.5,10.250297973778299
1981-12-01,93.0,9.540636042402827
1982-01-01,93.3,9.250585480093676
1982-02-01,93.8,9.196740395809066
1982-03-01,93.9,8.680555555555557
1982-04-01,94.7,8.850574712643677
1982-05-01,95.4,8.656036446469262
1982-06-01,96.1,8.465011286681712
1982-07-01,96.7,7.683741648106901
1982-08-01,97.1,7.056229327453134
1982-09-01,97.2,5.882352941176472
1982-10-01,97.5,5.863192182410426
1982-11-01,97.3,5.189189189189181
1982-12-01,97.2,4.516129032258065
1983-01-01,97.6,4.608788853161849
1983-02-01,98.0,4.47761194029852
1983-03-01,98.2,4.579339723109688
1983-04-01,98.6,4.118268215417098
1983-05-01,98.9,3.6687631027253698
1983-06-01,99.2,3.2258064516129226
1983-07-01,99.8,3.205791106514999
1983-08-01,100.1,3.0895983522142068
1983-09-01,100.5,3.3950617283950546
1983-10-01,101.0,3.589743589743599
1983-11-01,101.5,4.316546762589923
1983-12-01,101.8,4.732510288065828
1984-01-01,102.5,5.020491803278704
1984-02-01,102.8,4.8979591836734615
1984-03-01,103.2,5.0916496945010215
1984-04-01,103.7,5.1724137931034475
1984-05-01,104.1,5.257836198179966
1984-06-01,104.5,5.3427419354838745
1984-07-01,105.0,5.210420841683372
1984-08-01,105.4,5.294705294705304
1984-09-01,105.8,5.273631840796011
1984-10-01,106.2,5.148514851485153
1984-11-01,106.4,4.827586206896561
1984-12-01,106.8,4.911591355599221
1985-01-01,107.1,4.4878048780487845
1985-02-01,107.7,4.76653696498055
1985-03-01,108.1,4.748062015503862
1985-04-01,108.4,4.532304725168768
1985-05-01,108.8,4.514889529298749
1985-06-01,109.1,4.401913875598074
1985-07-01,109.4,4.190476190476189
1985-08-01,109.8,4.174573055028463
1985-09-01,110.0,3.969754253308122
1985-10-01,110.5,4.048964218455731
1985-11-01,111.1,4.417293233082686
1985-12-01,111.4,4.307116104868913
1986-01-01,111.9,4.481792717086841
1986-02-01,112.2,4.178272980501396
1986-03-01,112.5,4.070305272895469
1986-04-01,112.9,4.151291512915134
1986-05-01,113.1,3.952205882352944
1986-06-01,113.4,3.9413382218148607
1986-07-01,113.8,4.021937842778778
1986-08-01,114.2,4.007285974499086
1986-09-01,114.6,4.181818181818175
1986-10-01,115.0,4.072398190045257
1986-11-01,115.3,3.7803780378037777
1986-12-01,115.6,3.7701974865349985
1987-01-01,115.9,3.574620196604106
1987-02-01,116.2,3.5650623885918
1987-03-01,116.6,3.64444444444445
1987-04-01,117.3,3.8972542072630567
1987-05-01,117.7,4.0671971706454535
1987-06-01,117.9,3.9682539682539764
1987-07-01,118.3,3.9543057996485054
1987-08-01,118.7,3.9404553415061327
1987-09-01,119.2,4.013961605584648
1987-10-01,119.8,4.17391304347825
1987-11-01,120.1,4.163052905464015
1987-12-01,120.4,4.152249134948116
1988-01-01,120.9,4.3140638481449445
1988-02-01,121.2,4.302925989672968
1988-03-01,121.7,4.373927958833623
1988-04-01,122.3,4.262574595055413
1988-05-01,122.7,4.248088360237889
1988-06-01,123.2,4.495335029686176
1988-07-01,123.6,4.480135249366013
1988-08-01,124.0,4.465037910699232
1988-09-01,124.7,4.614093959731536
1988-10-01,125.2,4.507512520868118
1988-11-01,125.6,4.579517069109085
1988-12-01,126.0,4.6511627906976605
1989-01-01,126.5,4.631927212572373
1989-02-01,126.9,4.702970297029707
1989-03-01,127.4,4.683648315529987
1989-04-01,127.8,4.497138184791494
1989-05-01,128.3,4.563977180114098
1989-06-01,128.8,4.545454545454541
1989-07-01,129.2,4.53074433656957
1989-08-01,129.5,4.435483870967749
1989-09-01,129.9,4.170008019246185
1989-10-01,130.6,4.313099041533541
1989-11-01,131.1,4.378980891719753
1989-12-01,131.6,4.444444444444451
1990-01-01,132.1,4.426877470355728
1990-02-01,132.7,4.570527974783278
1990-03-01,133.5,4.788069073783352
1990-04-01,134.0,4.851330203442883
1990-05-01,134.4,4.754481683554168
1990-06-01,135.1,4.891304347826075
1990-07-01,135.8,5.10835913312695
1990-08-01,136.6,5.4826254826254806
1990-09-01,137.1,5.54272517321015
1990-10-01,137.6,5.359877488514542
1990-11-01,138.0,5.263157894736836
1990-12-01,138.6,5.319148936170204
1991-01-01,139.5,5.601816805450421
1991-02-01,140.2,5.6518462697814575
1991-03-01,140.5,5.243445692883886
1991-04-01,140.9,5.149253731343295
1991-05-01,141.3,5.133928571428581
1991-06-01,141.8,4.959289415247969
1991-07-01,142.3,4.786450662739328
1991-08-01,142.9,4.612005856515378
1991-09-01,143.4,4.595185995623652
1991-10-01,143.7,4.433139534883712
1991-11-01,144.2,4.492753623188395
1991-12-01,144.7,4.401154401154406
1992-01-01,145.1,4.014336917562722
1992-02-01,145.4,3.708987161198296
1992-03-01,145.9,3.843416370106767
1992-04-01,146.3,3.8325053229240735
1992-05-01,146.8,3.8924274593064467
1992-06-01,147.1,3.7376586741889817
1992-07-01,147.6,3.7245256500351154
1992-08-01,147.9,3.4989503149055246
1992-09-01,148.1,3.2775453277545274
1992-10-01,148.8,3.549060542797511
1992-11-01,149.2,3.4674063800277377
1992-12-01,149.6,3.386316516931598
1993-01-01,150.1,3.4458993797381154
1993-02-01,150.6,3.576341127922955
1993-03-01,150.8,3.358464701850594
1993-04-01,151.4,3.4859876965140035
1993-05-01,151.8,3.4059945504087086
1993-06-01,152.1,3.3990482664853827
1993-07-01,152.3,3.1842818428184483
1993-08-01,152.8,3.313049357674114
1993-09-01,152.9,3.241053342336264
1993-10-01,153.4,3.0913978494623517
1993-11-01,153.9,3.1501340482573914
1993-12-01,154.3,3.141711229946531
1994-01-01,154.5,2.931379080612939
1994-02-01,154.8,2.788844621513964
1994-03-01,155.3,2.984084880636595
1994-04-01,155.5,2.7080581241743618
1994-05-01,155.9,2.7009222661396493
1994-06-01,156.4,2.827087442472065
1994-07-01,156.7,2.8890347997373444
1994-08-01,157.1,2.814136125654443
1994-09-01,157.5,3.00850228907783
1994-10-01,157.8,2.8683181225554133
1994-11-01,158.2,2.7940220922676895
1994-12-01,158.3,2.5923525599481634
1995-01-01,159.0,2.9126213592232997
1995-02-01,159.4,2.9715762273901714
1995-03-01,159.9,2.962009014810052
1995-04-01,160.4,3.1511254019292556
1995-05-01,160.7,3.078896728672209
1995-06-01,161.1,3.0051150895140655
1995-07-01,161.4,2.999361837906833
1995-08-01,161.8,2.991725015913449
1995-09-01,162.2,2.984126984126978
1995-10-01,162.7,3.1051964512040398
1995-11-01,163.0,3.034134007585343
1995-12-01,163.1,3.032217308907126
1996-01-01,163.7,2.955974842767284
1996-02-01,164.0,2.8858218318695172
1996-03-01,164.4,2.814258911819878
1996-04-01,164.6,2.6184538653366562
1996-05-01,165.0,2.675793403858129
1996-06-01,165.4,2.669149596523912
1996-07-01,165.7,2.664188351920682
1996-08-01,166.0,2.595797280593315
1996-09-01,166.5,2.6510480887792953
1996-10-01,166.8,2.5199754148740094
1996-11-01,167.2,2.5766871165644023
1996-12-01,167.4,2.636419374616805
1997-01-01,167.8,2.504581551618834
1997-02-01,168.1,2.499999999999991
1997-03-01,168.4,2.4330900243308973
1997-04-01,168.9,2.6123936816524918
1997-05-01,169.2,2.5454545454545396
1997-06-01,169.4,2.41837968561065
1997-07-01,169.7,2.4140012070005934
1997-08-01,169.8,2.2891566265060392
1997-09-01,170.2,2.2222222222222143
1997-10-01,170.6,2.278177458033559
1997-11-01,170.8,2.1531100478469067
1997-12-01,171.2,2.270011947431283
1998-01-01,171.6,2.264600715137055
1998-02-01,171.9,2.2605591909577782
1998-03-01,172.2,2.25653206650831
1998-04-01,172.5,2.131438721136769
1998-05-01,172.9,2.1867612293144267
1998-06-01,173.2,2.2432113341204207
1998-07-01,173.5,2.2392457277548683
1998-08-01,174.0,2.473498233215543
1998-09-01,174.2,2.3501762632197387
1998-10-01,174.4,2.2274325908558046
1998-11-01,174.8,2.3419203747072626
1998-12-01,175.4,2.453271028037385
1999-01-01,175.6,2.331002331002341
1999-02-01,175.6,2.1524141942990127
1999-03-01,175.7,2.0325203252032464
1999-04-01,176.3,2.2028985507246412
1999-05-01,176.5,2.0821283979178595
1999-06-01,176.6,1.9630484988452768
1999-07-01,177.1,2.074927953890482
1999-08-01,177.3,1.8965517241379404
1999-09-01,177.8,2.066590126291623
1999-10-01,178.1,2.1215596330275144
1999-11-01,178.4,2.0594965675057253
1999-12-01,178.7,1.8814139110604255
2000-01-01,179.3,2.1070615034168627
2000-02-01,179.4,2.1640091116173155
2000-03-01,180.0,2.4473534433693933
2000-04-01,180.3,2.2688598979013097
2000-05-01,180.7,2.3796033994334165
2000-06-01,181.1,2.5481313703284325
2000-07-01,181.5,2.4844720496894457
2000-08-01,181.9,2.5944726452340694
2000-09-01,182.3,2.53093363329584
2000-10-01,182.6,2.5266704098820814
2000-11-01,183.1,2.6345291479820565
2000-12-01,183.3,2.5741466144376224
2001-01-01,183.9,2.5655326268823275
2001-02-01,184.4,2.7870680044593144
2001-03-01,184.7,2.6111111111110974
2001-04-01,185.1,2.66222961730449
2001-05-01,185.3,2.54565578306587
2001-06-01,186.0,2.705687465488693
2001-07-01,186.4,2.6997245179063434
2001-08-01,186.7,2.638812534359536
2001-09-01,187.1,2.6330224904004274
2001-10-01,187.4,2.6286966046002336
2001-11-01,188.1,2.730748225013646
2001-12-01,188.4,2.782324058919805
2002-01-01,188.7,2.610114192495905
2002-02-01,189.1,2.5488069414316694
2002-03-01,189.2,2.4363833243096877
2002-04-01,189.7,2.485143165856285
2002-05-01,190.0,2.5364274150026844
2002-06-01,190.2,2.2580645161290214
2002-07-01,190.5,2.1995708154506355
2002-08-01,191.1,2.3567220139260936
2002-09-01,191.3,2.2447888829502993
2002-10-01,191.5,2.187833511205972
2002-11-01,191.9,2.020202020202033
2002-12-01,192.1,1.9639065817409707
2003-01-01,192.4,1.9607843137255054
2003-02-01,192.5,1.7979904812268632
2003-03-01,192.5,1.744186046511631
2003-04-01,192.5,1.4760147601476037
2003-05-01,192.9,1.5263157894736867
2003-06-01,193.0,1.4721345951629994
2003-07-01,193.4,1.522309711286085
2003-08-01,193.6,1.3082155939298845
2003-09-01,193.7,1.2545739675901668
2003-10-01,194.0,1.305483028720622
2003-11-01,194.0,1.094319958311618
2003-12-01,194.2,1.0931806350858997
2004-01-01,194.6,1.1434511434511352
2004-02-01,194.9,1.2467532467532516
2004-03-01,195.5,1.558441558441559
2004-04-01,195.9,1.7662337662337713
2004-05-01,196.2,1.710730948678063
2004-06-01,196.6,1.865284974093262
2004-07-01,196.8,1.7580144777662898
2004-08-01,196.9,1.7045454545454586
2004-09-01,197.5,1.961796592669085
2004-10-01,197.9,2.0103092783505083
2004-11-01,198.3,2.216494845360839
2004-12-01,198.6,2.2657054582904346
2005-01-01,199.0,2.261048304213764
2005-02-01,199.4,2.308876346844535
2005-03-01,200.1,2.35294117647058
2005-04-01,200.2,2.1949974476773715
2005-05-01,200.5,2.1916411824668858
2005-06-01,200.6,2.0345879959308144
2005-07-01,200.9,2.083333333333326
2005-08-01,201.1,2.1330624682579957
2005-09-01,201.3,1.9240506329113893
2005-10-01,202.0,2.071753410813537
2005-11-01,202.5,2.1180030257186067
2005-12-01,202.8,2.114803625377659
2006-01-01,203.2,2.1105527638190846
2006-02-01,203.6,2.106318956870612
2006-03-01,204.3,2.0989505247376306
2006-04-01,204.8,2.29770229770232
2006-05-01,205.4,2.44389027431422
2006-06-01,205.9,2.6420737786640114
2006-07-01,206.3,2.6879044300647026
2006-08-01,206.8,2.8344107409249197
2006-09-01,207.2,2.930948832588176
2006-10-01,207.6,2.7722772277227747
2006-11-01,207.8,2.6172839506172885
2006-12-01,208.1,2.6134122287968298
2007-01-01,208.6,2.657480314960625
2007-02-01,209.135,2.71856581532417
2007-03-01,209.418,2.5051395007342103
2007-04-01,209.747,2.4155273437499902
2007-05-01,210.058,2.267770204479058
2007-06-01,210.392,2.181641573579407
2007-07-01,210.773,2.1682016480853106
2007-08-01,211.119,2.0884912959380886
2007-09-01,211.554,2.101351351351366
2007-10-01,212.077,2.1565510597302495
2007-11-01,212.66,2.3387872954764077
2007-12-01,213.168,2.4353676117251366
2008-01-01,213.771,2.4789069990412305
2008-02-01,213.939,2.29708083295479
2008-03-01,214.42,2.388524386633417
2008-04-01,214.56,2.294669292051843
2008-05-01,214.936,2.3222157689781087
2008-06-01,215.424,2.3917259211376996
2008-07-01,215.965,2.463313612274831
2008-08-01,216.393,2.4981171756213394
2008-09-01,216.713,2.4386208722122937
2008-10-01,216.788,2.2213629955157854
2008-11-01,216.947,2.015893915169764
2008-12-01,216.925,1.7624596562335837
2009-01-01,217.346,1.6723503187990874
2009-02-01,217.792,1.800980653363804
2009-03-01,218.253,1.7876130957932945
2009-04-01,218.706,1.93232662192393
2009-05-01,218.904,1.8461309413034588
2009-06-01,219.112,1.7119726678550107
2009-07-01,219.263,1.5270992984974363
2009-08-01,219.496,1.4339650543224725
2009-09-01,219.92,1.4798373886199645
2009-10-01,220.501,1.7127331771131127
2009-11-01,220.666,1.714243571010421
2009-12-01,220.881,1.8236717759594345
2010-01-01,220.633,1.5123351706495702
2010-02-01,220.731,1.3494526888039982
2010-03-01,220.783,1.1592051426555505
2010-04-01,220.822,0.9675088932173947
2010-05-01,220.962,0.9401381427474931
2010-06-01,221.194,0.9501989849939774
2010-07-01,221.363,0.9577539302116689
2010-08-01,221.509,0.9171009950067255
2010-09-01,221.711,0.8143870498363182
2010-10-01,221.83,0.6027183550187942
2010-11-01,222.149,0.672056411046551
2010-12-01,222.343,0.6618948664665503
2011-01-01,222.803,0.9835337415527112
2011-02-01,223.213,1.124445592146106
2011-03-01,223.454,1.2097851736773357
2011-04-01,223.727,1.3155392125784537
2011-05-01,224.175,1.4540961794335727
2011-06-01,224.697,1.5836776766096738
2011-07-01,225.218,1.741483445742964
2011-08-01,225.862,1.9651571719433658
2011-09-01,226.118,1.9877227562006272
2011-10-01,226.506,2.1079204796465634
2011-11-01,226.899,2.138204538395394
2011-12-01,227.405,2.276662633858506
2012-01-01,227.877,2.2773481506083826
2012-02-01,228.034,2.1598204405657295
2012-03-01,228.478,2.2483374654291177
2012-04-01,228.905,2.314427851801515
2012-05-01,229.224,2.252258280361308
2012-06-01,229.623,2.192285611289857
2012-07-01,229.97,2.109955687378462
2012-08-01,230.233,1.9352524993137443
2012-09-01,230.659,2.0082434834909124
2012-10-01,231.024,1.9946491483669337
2012-11-01,231.33,1.9528512686261434
2012-12-01,231.725,1.8996943778720743
2013-01-01,232.229,1.9098022178631435
2013-02-01,232.569,1.9887385214485631
2013-03-01,232.794,1.8890221377988237
2013-04-01,232.832,1.715558856294086
2013-05-01,232.996,1.6455519491850756
2013-06-01,233.35,1.6230952474272975
2013-07-01,233.88,1.7002217680567089
2013-08-01,234.336,1.782107690904433
2013-09-01,234.7,1.7519368418314363
2013-10-01,234.921,1.686837731144819
2013-11-01,235.359,1.7416677473738762
2013-12-01,235.759,1.7408566188369834
2014-01-01,235.961,1.6070344358370292
2014-02-01,236.185,1.5548073904948723
2014-03-01,236.625,1.6456609706435588
2014-04-01,237.072,1.8210555250137483
2014-05-01,237.529,1.9455269618362525
2014-06-01,237.837,1.9228626526676562
2014-07-01,238.195,1.8449632290063356
2014-08-01,238.405,1.73639560289498
2014-09-01,238.786,1.7409458883681284
2014-10-01,239.191,1.817632310436279
2014-11-01,239.458,1.7415947552462452
2014-12-01,239.584,1.6224195046636636
2015-01-01,239.811,1.631625565241701
2015-02-01,240.172,1.6880834938713285
2015-03-01,240.755,1.7453777073428434
2015-04-01,241.346,1.802827832894649
2015-05-01,241.688,1.7509440952473199
2015-06-01,242.064,1.7772676244655061
2015-07-01,242.565,1.8346312894897077
2015-08-01,242.817,1.8506323273421277
2015-09-01,243.316,1.8970961446650891
2015-10-01,243.768,1.9135335359607986
2015-11-01,244.241,1.9974275238246353
2015-12-01,244.547,2.0715072792840905
2016-01-01,244.955,2.145022538582464
2016-02-01,245.51,2.222573822094165
2016-03-01,245.913,2.142426948557663
2016-04-01,246.551,2.156654761214183
2016-05-01,247.137,2.2545595974976074
2016-06-01,247.54,2.2622116465067066
2016-07-01,247.829,2.1701399624842965
2016-08-01,248.423,2.3087345614186683
2016-09-01,248.842,2.271120682569183
2016-10-01,249.142,2.2045551507991146
2016-11-01,249.481,2.1454219398053587
2016-12-01,249.92,2.197123661300271
2017-01-01,250.467,2.2502092221020176
2017-02-01,250.998,2.2353468290497336
2017-03-01,250.944,2.045845481938735
2017-04-01,251.227,1.8965650108902388
2017-05-01,251.43,1.7370931912259246
2017-06-01,251.746,1.6991193342490218
2017-07-01,251.985,1.6769627444729984
2017-08-01,252.535,1.6552412618799472
2017-09-01,252.812,1.5953898457655935
2017-10-01,253.526,1.7596390813271245
2017-11-01,253.816,1.7376072726981162
2017-12-01,254.344,1.770166453265043
2018-01-01,255.204,1.8912671130328462
2018-02-01,255.711,1.87770420481439
2018-03-01,256.271,2.1227843662331214
2018-04-01,256.63,2.150644636125887
2018-05-01,257.145,2.272998448872432
2018-06-01,257.399,2.245517307127032
2018-07-01,257.699,2.267595293370639
2018-08-01,257.891,2.1208941334864617
2018-09-01,258.368,2.1976804898501623
2018-10-01,258.917,2.126409125691242
2018-11-01,259.439,2.2153843729315836
2018-12-01,260.063,2.2485295505299874
2019-01-01,260.766,2.1794329242488475
2019-02-01,261.186,2.1410889637129227
2019-03-01,261.567,2.06656235001228
2019-04-01,261.997,2.0913377235709074
2019-05-01,262.217,1.97242800754438
2019-06-01,262.739,2.0746001344216447
2019-07-01,263.28,2.1657049503490455
2019-08-01,263.877,2.321135673598529
2019-09-01,264.388,2.3300099083477743
2019-10-01,264.97,2.3378148209658223
2019-11-01,265.548,2.3546960942649298
2019-12-01,266.02,2.2905988164406255
2020-01-01,266.716,2.2817391837892886
2020-02-01,267.37,2.3676613601035346
2020-03-01,267.054,2.097741687598198
2020-04-01,265.746,1.4309324152566472
2020-05-01,265.412,1.2184564692601985
2020-06-01,265.849,1.1836841884912408
2020-07-01,267.389,1.560695837131587
2020-08-01,268.422,1.7223933878284248
2020-09-01,268.933,1.7190644053436621
2020-10-01,269.306,1.6364116692455521
2020-11-01,269.981,1.6693780408814973
2020-12-01,270.341,1.624313961356294
2021-01-01,270.416,1.3872433599783962
2021-02-01,270.776,1.2738901148221515
2021-03-01,271.453,1.6472323949463519
2021-04-01,273.626,2.965237482408023
2021-05-01,275.457,3.7846819284734767
2021-06-01,277.608,4.423187598975353
2021-07-01,278.639,4.207353331662866
2021-08-01,279.021,3.9486331224713345
2021-09-01,279.727,4.013639084827814
2021-10-01,281.649,4.5832621627442505
2021-11-01,283.411,4.974424126142218
2021-12-01,285.221,5.504159561442767
2022-01-01,286.799,6.058443287379434
2022-02-01,288.256,6.455520430171058
2022-03-01,289.044,6.480311508806325
2022-04-01,290.474,6.157309612390649
2022-05-01,292.039,6.019814344888674
2022-06-01,294.009,5.907970951845765
2022-07-01,295.08,5.900466194610221
2022-08-01,296.582,6.29379150673246
2022-09-01,298.281,6.632895644682146
2022-10-01,299.381,6.295779498595766
2022-11-01,300.316,5.9648355215570215
2022-12-01,301.433,5.684013449220071
2023-01-01,302.685,5.539070917262623
2023-02-01,304.097,5.495462366785087
2023-03-01,305.123,5.562820885401543
2023-04-01,306.49,5.513746497104743
2023-05-01,307.623,5.336273579898587
2023-06-01,308.291,4.857674424932568
2023-07-01,308.959,4.7034702453572
2023-08-01,309.646,4.4048526208603445
2023-09-01,310.616,4.135362292603273
2023-10-01,311.433,4.025639569645367
2023-11-01,312.373,4.0147711077664905
2023-12-01,313.23,3.9136391835001616
2024-01-01,314.389,3.866726134430176
2024-02-01,315.555,3.7678766972380595
2024-03-01,316.762,3.8145272562212673
2024-04-01,317.596,3.623609253156701
2024-05-01,318.053,3.390513713213905
2024-06-01,318.343,3.260555773603513
2024-07-01,318.933,3.2282600603963596
2024-08-01,319.839,3.2918235662659834
2024-09-01,320.835,3.289914234939606
2024-10-01,321.688,3.292843083424035
2024-11-01,322.619,3.280053013544726
2024-12-01,323.296,3.213613000031912
2025-01-01,324.739,3.2920999144371965
2025-02-01,325.475,3.143667506456893
2025-03-01,325.659,2.8087333707957463
2025-04-01,326.43,2.781521177848578
2025-05-01,326.854,2.7671488714145154
2025-06-01,327.6,2.907869813377406
