date,unemployment,unemployment_yoy_change
1948-01-01,3.4,
1948-02-01,3.8,
1948-03-01,4.0,
1948-04-01,3.9,
1948-05-01,3.5,
1948-06-01,3.6,
1948-07-01,3.6,
1948-08-01,3.9,
1948-09-01,3.8,
1948-10-01,3.7,
1948-11-01,3.8,
1948-12-01,4.0,
1949-01-01,4.3,26.470588235294112
1949-02-01,4.7,23.684210526315795
1949-03-01,5.0,25.0
1949-04-01,5.3,35.897435897435905
1949-05-01,6.1,74.28571428571426
1949-06-01,6.2,72.22222222222223
1949-07-01,6.7,86.11111111111111
1949-08-01,6.8,74.35897435897436
1949-09-01,6.6,73.6842105263158
1949-10-01,7.9,113.51351351351352
1949-11-01,6.4,68.42105263157896
1949-12-01,6.6,64.99999999999999
1950-01-01,6.5,51.162790697674424
1950-02-01,6.4,36.170212765957444
1950-03-01,6.3,26.0
1950-04-01,5.8,9.433962264150942
1950-05-01,5.5,-9.836065573770492
1950-06-01,5.4,-12.903225806451612
1950-07-01,5.0,-25.373134328358216
1950-08-01,4.5,-33.82352941176471
1950-09-01,4.4,-33.33333333333333
1950-10-01,4.2,-46.83544303797469
1950-11-01,4.2,-34.375
1950-12-01,4.3,-34.84848484848485
1951-01-01,3.7,-43.07692307692308
1951-02-01,3.4,-46.875
1951-03-01,3.4,-46.03174603174603
1951-04-01,3.1,-46.551724137931025
1951-05-01,3.0,-45.45454545454546
1951-06-01,3.2,-40.74074074074075
1951-07-01,3.1,-38.0
1951-08-01,3.1,-31.11111111111111
1951-09-01,3.3,-25.00000000000001
1951-10-01,3.5,-16.666666666666675
1951-11-01,3.5,-16.666666666666675
1951-12-01,3.1,-27.90697674418604
1952-01-01,3.2,-13.513513513513509
1952-02-01,3.1,-8.823529411764696
1952-03-01,2.9,-14.70588235294118
1952-04-01,2.9,-6.451612903225811
1952-05-01,3.0,0.0
1952-06-01,3.0,-6.25
1952-07-01,3.2,3.2258064516129004
1952-08-01,3.4,9.677419354838701
1952-09-01,3.1,-6.060606060606055
1952-10-01,3.0,-14.28571428571429
1952-11-01,2.8,-20.000000000000007
1952-12-01,2.7,-12.903225806451612
1953-01-01,2.9,-9.37500000000001
1953-02-01,2.6,-16.129032258064512
1953-03-01,2.6,-10.344827586206895
1953-04-01,2.7,-6.896551724137923
1953-05-01,2.5,-16.666666666666664
1953-06-01,2.5,-16.666666666666664
1953-07-01,2.6,-18.75
1953-08-01,2.7,-20.58823529411764
1953-09-01,2.9,-6.451612903225811
1953-10-01,3.1,3.3333333333333437
1953-11-01,3.5,25.0
1953-12-01,4.5,66.66666666666666
1954-01-01,4.9,68.96551724137933
1954-02-01,5.2,100.0
1954-03-01,5.7,119.23076923076925
1954-04-01,5.9,118.5185185185185
1954-05-01,5.9,136.00000000000003
1954-06-01,5.6,123.99999999999997
1954-07-01,5.8,123.07692307692308
1954-08-01,6.0,122.22222222222219
1954-09-01,6.1,110.34482758620689
1954-10-01,5.7,83.87096774193547
1954-11-01,5.3,51.42857142857142
1954-12-01,5.0,11.111111111111116
1955-01-01,4.9,0.0
1955-02-01,4.7,-9.615384615384615
1955-03-01,4.6,-19.298245614035093
1955-04-01,4.7,-20.33898305084746
1955-05-01,4.3,-27.118644067796616
1955-06-01,4.2,-24.99999999999999
1955-07-01,4.0,-31.034482758620683
1955-08-01,4.2,-29.999999999999993
1955-09-01,4.1,-32.786885245901644
1955-10-01,4.3,-24.56140350877194
1955-11-01,4.2,-20.75471698113207
1955-12-01,4.2,-15.999999999999993
1956-01-01,4.0,-18.36734693877552
1956-02-01,3.9,-17.021276595744684
1956-03-01,4.2,-8.695652173913038
1956-04-01,4.0,-14.893617021276595
1956-05-01,4.3,0.0
1956-06-01,4.3,2.3809523809523725
1956-07-01,4.4,10.000000000000009
1956-08-01,4.1,-2.3809523809523947
1956-09-01,3.9,-4.8780487804877986
1956-10-01,3.9,-9.302325581395344
1956-11-01,4.3,2.3809523809523725
1956-12-01,4.2,0.0
1957-01-01,4.2,5.000000000000004
1957-02-01,3.9,0.0
1957-03-01,3.7,-11.904761904761907
1957-04-01,3.9,-2.500000000000002
1957-05-01,4.1,-4.651162790697683
1957-06-01,4.3,0.0
1957-07-01,4.2,-4.545454545454552
1957-08-01,4.1,0.0
1957-09-01,4.4,12.820512820512842
1957-10-01,4.5,15.384615384615397
1957-11-01,5.1,18.604651162790688
1957-12-01,5.2,23.809523809523814
1958-01-01,5.8,38.095238095238095
1958-02-01,6.4,64.10256410256412
1958-03-01,6.7,81.08108108108108
1958-04-01,7.4,89.74358974358975
1958-05-01,7.4,80.4878048780488
1958-06-01,7.3,69.76744186046513
1958-07-01,7.5,78.57142857142856
1958-08-01,7.4,80.4878048780488
1958-09-01,7.1,61.36363636363635
1958-10-01,6.7,48.88888888888889
1958-11-01,6.2,21.568627450980404
1958-12-01,6.2,19.23076923076923
1959-01-01,6.0,3.4482758620689724
1959-02-01,5.9,-7.8125
1959-03-01,5.6,-16.417910447761198
1959-04-01,5.2,-29.729729729729726
1959-05-01,5.1,-31.081081081081084
1959-06-01,5.0,-31.506849315068497
1959-07-01,5.1,-32.00000000000001
1959-08-01,5.2,-29.729729729729726
1959-09-01,5.5,-22.535211267605625
1959-10-01,5.7,-14.925373134328357
1959-11-01,5.8,-6.451612903225811
1959-12-01,5.3,-14.516129032258075
1960-01-01,5.2,-13.33333333333333
1960-02-01,4.8,-18.644067796610177
1960-03-01,5.4,-3.5714285714285587
1960-04-01,5.2,0.0
1960-05-01,5.1,0.0
1960-06-01,5.4,8.000000000000007
1960-07-01,5.5,7.843137254901977
1960-08-01,5.6,7.692307692307687
1960-09-01,5.5,0.0
1960-10-01,6.1,7.017543859649122
1960-11-01,6.1,5.1724137931034475
1960-12-01,6.6,24.52830188679245
1961-01-01,6.6,26.923076923076916
1961-02-01,6.9,43.75000000000002
1961-03-01,6.9,27.777777777777768
1961-04-01,7.0,34.615384615384606
1961-05-01,7.1,39.2156862745098
1961-06-01,6.9,27.777777777777768
1961-07-01,7.0,27.27272727272727
1961-08-01,6.6,17.85714285714286
1961-09-01,6.7,21.818181818181827
1961-10-01,6.5,6.557377049180335
1961-11-01,6.1,0.0
1961-12-01,6.0,-9.090909090909083
1962-01-01,5.8,-12.121212121212121
1962-02-01,5.5,-20.28985507246377
1962-03-01,5.6,-18.840579710144933
1962-04-01,5.6,-20.000000000000007
1962-05-01,5.5,-22.535211267605625
1962-06-01,5.5,-20.28985507246377
1962-07-01,5.4,-22.857142857142854
1962-08-01,5.7,-13.636363636363624
1962-09-01,5.6,-16.417910447761198
1962-10-01,5.4,-16.92307692307692
1962-11-01,5.7,-6.5573770491803245
1962-12-01,5.5,-8.333333333333337
1963-01-01,5.7,-1.724137931034475
1963-02-01,5.9,7.272727272727275
1963-03-01,5.7,1.7857142857143016
1963-04-01,5.7,1.7857142857143016
1963-05-01,5.9,7.272727272727275
1963-06-01,5.6,1.8181818181818077
1963-07-01,5.6,3.703703703703698
1963-08-01,5.4,-5.263157894736836
1963-09-01,5.5,-1.7857142857142794
1963-10-01,5.5,1.8518518518518379
1963-11-01,5.7,0.0
1963-12-01,5.5,0.0
1964-01-01,5.6,-1.7543859649122862
1964-02-01,5.4,-8.47457627118644
1964-03-01,5.4,-5.263157894736836
1964-04-01,5.3,-7.017543859649134
1964-05-01,5.1,-13.559322033898313
1964-06-01,5.2,-7.142857142857128
1964-07-01,4.9,-12.49999999999999
1964-08-01,5.0,-7.407407407407418
1964-09-01,5.1,-7.272727272727275
1964-10-01,5.1,-7.272727272727275
1964-11-01,4.8,-15.789473684210531
1964-12-01,5.0,-9.090909090909093
1965-01-01,4.9,-12.49999999999999
1965-02-01,5.1,-5.55555555555557
1965-03-01,4.7,-12.962962962962965
1965-04-01,4.8,-9.433962264150942
1965-05-01,4.6,-9.80392156862745
1965-06-01,4.6,-11.538461538461553
1965-07-01,4.4,-10.204081632653061
1965-08-01,4.4,-11.99999999999999
1965-09-01,4.3,-15.686274509803921
1965-10-01,4.2,-17.647058823529406
1965-11-01,4.1,-14.583333333333337
1965-12-01,4.0,-19.999999999999996
1966-01-01,4.0,-18.36734693877552
1966-02-01,3.8,-25.49019607843137
1966-03-01,3.8,-19.14893617021277
1966-04-01,3.8,-20.833333333333336
1966-05-01,3.9,-15.217391304347816
1966-06-01,3.8,-17.391304347826086
1966-07-01,3.8,-13.636363636363647
1966-08-01,3.8,-13.636363636363647
1966-09-01,3.7,-13.953488372093014
1966-10-01,3.7,-11.904761904761907
1966-11-01,3.6,-12.195121951219502
1966-12-01,3.8,-5.000000000000004
1967-01-01,3.9,-2.500000000000002
1967-02-01,3.8,0.0
1967-03-01,3.8,0.0
1967-04-01,3.8,0.0
1967-05-01,3.8,-2.564102564102566
1967-06-01,3.9,2.6315789473684292
1967-07-01,3.8,0.0
1967-08-01,3.8,0.0
1967-09-01,3.8,2.7027027027026973
1967-10-01,4.0,8.108108108108091
1967-11-01,3.9,8.333333333333325
1967-12-01,3.8,0.0
1968-01-01,3.7,-5.128205128205121
1968-02-01,3.8,0.0
1968-03-01,3.7,-2.631578947368407
1968-04-01,3.5,-7.894736842105255
1968-05-01,3.5,-7.894736842105255
1968-06-01,3.7,-5.128205128205121
1968-07-01,3.7,-2.631578947368407
1968-08-01,3.5,-7.894736842105255
1968-09-01,3.4,-10.526315789473683
1968-10-01,3.4,-15.000000000000002
1968-11-01,3.4,-12.82051282051282
1968-12-01,3.4,-10.526315789473683
1969-01-01,3.4,-8.108108108108114
1969-02-01,3.4,-10.526315789473683
1969-03-01,3.4,-8.108108108108114
1969-04-01,3.4,-2.857142857142858
1969-05-01,3.4,-2.857142857142858
1969-06-01,3.5,-5.405405405405405
1969-07-01,3.5,-5.405405405405405
1969-08-01,3.5,0.0
1969-09-01,3.7,8.823529411764719
1969-10-01,3.7,8.823529411764719
1969-11-01,3.5,2.941176470588247
1969-12-01,3.5,2.941176470588247
1970-01-01,3.9,14.705882352941169
1970-02-01,4.2,23.529411764705888
1970-03-01,4.4,29.41176470588236
1970-04-01,4.6,35.29411764705881
1970-05-01,4.8,41.176470588235304
1970-06-01,4.9,40.000000000000014
1970-07-01,5.0,42.85714285714286
1970-08-01,5.1,45.71428571428571
1970-09-01,5.4,45.945945945945944
1970-10-01,5.5,48.64864864864864
1970-11-01,5.9,68.57142857142857
1970-12-01,6.1,74.28571428571426
1971-01-01,5.9,51.2820512820513
1971-02-01,5.9,40.47619047619049
1971-03-01,6.0,36.36363636363635
1971-04-01,5.9,28.260869565217405
1971-05-01,5.9,22.916666666666675
1971-06-01,5.9,20.408163265306122
1971-07-01,6.0,19.999999999999996
1971-08-01,6.1,19.6078431372549
1971-09-01,6.0,11.111111111111093
1971-10-01,5.8,5.454545454545445
1971-11-01,6.0,1.6949152542372836
1971-12-01,6.0,-1.6393442622950727
1972-01-01,5.8,-1.6949152542372947
1972-02-01,5.7,-3.3898305084745783
1972-03-01,5.8,-3.3333333333333326
1972-04-01,5.7,-3.3898305084745783
1972-05-01,5.7,-3.3898305084745783
1972-06-01,5.7,-3.3898305084745783
1972-07-01,5.6,-6.666666666666677
1972-08-01,5.6,-8.196721311475407
1972-09-01,5.5,-8.333333333333337
1972-10-01,5.6,-3.4482758620689724
1972-11-01,5.3,-11.66666666666667
1972-12-01,5.2,-13.33333333333333
1973-01-01,4.9,-15.517241379310331
1973-02-01,5.0,-12.28070175438597
1973-03-01,4.9,-15.517241379310331
1973-04-01,5.0,-12.28070175438597
1973-05-01,4.9,-14.035087719298245
1973-06-01,4.9,-14.035087719298245
1973-07-01,4.8,-14.28571428571428
1973-08-01,4.8,-14.28571428571428
1973-09-01,4.8,-12.727272727272732
1973-10-01,4.6,-17.85714285714286
1973-11-01,4.8,-9.433962264150942
1973-12-01,4.9,-5.769230769230771
1974-01-01,5.1,4.081632653061207
1974-02-01,5.2,4.0000000000000036
1974-03-01,5.1,4.081632653061207
1974-04-01,5.1,2.0000000000000018
1974-05-01,5.1,4.081632653061207
1974-06-01,5.4,10.20408163265305
1974-07-01,5.5,14.583333333333348
1974-08-01,5.5,14.583333333333348
1974-09-01,5.9,22.916666666666675
1974-10-01,6.0,30.434782608695656
1974-11-01,6.6,37.5
1974-12-01,7.2,46.93877551020407
1975-01-01,8.1,58.82352941176472
1975-02-01,8.1,55.769230769230745
1975-03-01,8.6,68.62745098039215
1975-04-01,8.8,72.54901960784316
1975-05-01,9.0,76.47058823529413
1975-06-01,8.8,62.962962962962976
1975-07-01,8.6,56.363636363636346
1975-08-01,8.4,52.727272727272734
1975-09-01,8.4,42.3728813559322
1975-10-01,8.4,40.000000000000014
1975-11-01,8.3,25.75757575757578
1975-12-01,8.2,13.888888888888884
1976-01-01,7.9,-2.4691358024691246
1976-02-01,7.7,-4.93827160493826
1976-03-01,7.6,-11.627906976744185
1976-04-01,7.7,-12.5
1976-05-01,7.4,-17.77777777777777
1976-06-01,7.6,-13.636363636363647
1976-07-01,7.8,-9.302325581395344
1976-08-01,7.8,-7.142857142857151
1976-09-01,7.6,-9.523809523809534
1976-10-01,7.7,-8.333333333333337
1976-11-01,7.8,-6.024096385542177
1976-12-01,7.8,-4.8780487804877986
1977-01-01,7.5,-5.063291139240511
1977-02-01,7.6,-1.2987012987013102
1977-03-01,7.4,-2.631578947368407
1977-04-01,7.2,-6.493506493506496
1977-05-01,7.0,-5.405405405405405
1977-06-01,7.2,-5.263157894736836
1977-07-01,6.9,-11.538461538461531
1977-08-01,7.0,-10.256410256410254
1977-09-01,6.8,-10.526315789473683
1977-10-01,6.8,-11.688311688311693
1977-11-01,6.8,-12.82051282051282
1977-12-01,6.4,-17.948717948717942
1978-01-01,6.4,-14.66666666666666
1978-02-01,6.3,-17.105263157894733
1978-03-01,6.3,-14.864864864864868
1978-04-01,6.1,-15.27777777777779
1978-05-01,6.0,-14.28571428571429
1978-06-01,5.9,-18.055555555555557
1978-07-01,6.2,-10.144927536231885
1978-08-01,5.9,-15.714285714285714
1978-09-01,6.0,-11.764705882352944
1978-10-01,5.8,-14.70588235294118
1978-11-01,5.9,-13.235294117647056
1978-12-01,6.0,-6.25
1979-01-01,5.9,-7.8125
1979-02-01,5.9,-6.349206349206337
1979-03-01,5.8,-7.936507936507942
1979-04-01,5.8,-4.91803278688524
1979-05-01,5.6,-6.666666666666677
1979-06-01,5.7,-3.3898305084745783
1979-07-01,5.7,-8.064516129032262
1979-08-01,6.0,1.6949152542372836
1979-09-01,5.9,-1.6666666666666607
1979-10-01,6.0,3.4482758620689724
1979-11-01,5.9,0.0
1979-12-01,6.0,0.0
1980-01-01,6.3,6.7796610169491345
1980-02-01,6.3,6.7796610169491345
1980-03-01,6.3,8.62068965517242
1980-04-01,6.9,18.965517241379317
1980-05-01,7.5,33.928571428571445
1980-06-01,7.6,33.33333333333333
1980-07-01,7.8,36.8421052631579
1980-08-01,7.7,28.333333333333343
1980-09-01,7.5,27.118644067796605
1980-10-01,7.5,25.0
1980-11-01,7.5,27.118644067796605
1980-12-01,7.2,19.999999999999996
1981-01-01,7.5,19.047619047619047
1981-02-01,7.4,17.460317460317466
1981-03-01,7.4,17.460317460317466
1981-04-01,7.2,4.347826086956519
1981-05-01,7.5,0.0
1981-06-01,7.5,-1.3157894736842035
1981-07-01,7.2,-7.692307692307687
1981-08-01,7.4,-3.8961038961038974
1981-09-01,7.6,1.3333333333333197
1981-10-01,7.9,5.3333333333333455
1981-11-01,8.3,10.666666666666668
1981-12-01,8.5,18.055555555555557
1982-01-01,8.6,14.666666666666671
1982-02-01,8.9,20.270270270270263
1982-03-01,9.0,21.62162162162162
1982-04-01,9.3,29.166666666666675
1982-05-01,9.4,25.333333333333343
1982-06-01,9.6,28.000000000000004
1982-07-01,9.8,36.111111111111114
1982-08-01,9.8,32.432432432432435
1982-09-01,10.1,32.89473684210527
1982-10-01,10.4,31.645569620253156
1982-11-01,10.8,30.12048192771084
1982-12-01,10.8,27.05882352941178
1983-01-01,10.4,20.93023255813955
1983-02-01,10.4,16.85393258426966
1983-03-01,10.3,14.44444444444446
1983-04-01,10.2,9.677419354838701
1983-05-01,10.1,7.446808510638281
1983-06-01,10.1,5.208333333333326
1983-07-01,9.4,-4.081632653061229
1983-08-01,9.5,-3.0612244897959218
1983-09-01,9.2,-8.910891089108919
1983-10-01,8.8,-15.384615384615385
1983-11-01,8.5,-21.2962962962963
1983-12-01,8.3,-23.148148148148152
1984-01-01,8.0,-23.076923076923084
1984-02-01,7.8,-25.0
1984-03-01,7.8,-24.271844660194187
1984-04-01,7.7,-24.50980392156862
1984-05-01,7.4,-26.732673267326724
1984-06-01,7.2,-28.712871287128706
1984-07-01,7.5,-20.21276595744681
1984-08-01,7.5,-21.052631578947366
1984-09-01,7.3,-20.65217391304347
1984-10-01,7.4,-15.909090909090917
1984-11-01,7.2,-15.294117647058824
1984-12-01,7.3,-12.048192771084343
1985-01-01,7.3,-8.750000000000002
1985-02-01,7.2,-7.692307692307687
1985-03-01,7.2,-7.692307692307687
1985-04-01,7.3,-5.1948051948051965
1985-05-01,7.2,-2.7027027027027084
1985-06-01,7.4,2.77777777777779
1985-07-01,7.4,-1.3333333333333308
1985-08-01,7.1,-5.333333333333334
1985-09-01,7.1,-2.73972602739726
1985-10-01,7.1,-4.054054054054069
1985-11-01,7.0,-2.777777777777779
1985-12-01,7.0,-4.109589041095885
1986-01-01,6.7,-8.21917808219178
1986-02-01,7.2,0.0
1986-03-01,7.2,0.0
1986-04-01,7.1,-2.73972602739726
1986-05-01,7.2,0.0
1986-06-01,7.2,-2.7027027027027084
1986-07-01,7.0,-5.405405405405405
1986-08-01,6.9,-2.8169014084506894
1986-09-01,7.0,-1.4084507042253502
1986-10-01,7.0,-1.4084507042253502
1986-11-01,6.9,-1.4285714285714235
1986-12-01,6.6,-5.714285714285716
1987-01-01,6.6,-1.4925373134328401
1987-02-01,6.6,-8.333333333333337
1987-03-01,6.6,-8.333333333333337
1987-04-01,6.3,-11.267605633802813
1987-05-01,6.3,-12.5
1987-06-01,6.2,-13.888888888888884
1987-07-01,6.1,-12.857142857142867
1987-08-01,6.0,-13.043478260869568
1987-09-01,5.9,-15.714285714285714
1987-10-01,6.0,-14.28571428571429
1987-11-01,5.8,-15.94202898550725
1987-12-01,5.7,-13.636363636363624
1988-01-01,5.7,-13.636363636363624
1988-02-01,5.7,-13.636363636363624
1988-03-01,5.7,-13.636363636363624
1988-04-01,5.4,-14.28571428571428
1988-05-01,5.6,-11.111111111111116
1988-06-01,5.4,-12.903225806451612
1988-07-01,5.4,-11.475409836065564
1988-08-01,5.6,-6.666666666666677
1988-09-01,5.4,-8.47457627118644
1988-10-01,5.4,-9.999999999999998
1988-11-01,5.3,-8.62068965517241
1988-12-01,5.3,-7.017543859649134
1989-01-01,5.4,-5.263157894736836
1989-02-01,5.2,-8.771929824561408
1989-03-01,5.0,-12.28070175438597
1989-04-01,5.2,-3.703703703703709
1989-05-01,5.2,-7.142857142857128
1989-06-01,5.3,-1.85185185185186
1989-07-01,5.2,-3.703703703703709
1989-08-01,5.2,-7.142857142857128
1989-09-01,5.3,-1.85185185185186
1989-10-01,5.3,-1.85185185185186
1989-11-01,5.4,1.8867924528301883
1989-12-01,5.4,1.8867924528301883
1990-01-01,5.4,0.0
1990-02-01,5.3,1.9230769230769162
1990-03-01,5.2,4.0000000000000036
1990-04-01,5.4,3.8461538461538547
1990-05-01,5.4,3.8461538461538547
1990-06-01,5.2,-1.8867924528301772
1990-07-01,5.5,5.769230769230771
1990-08-01,5.7,9.615384615384626
1990-09-01,5.9,11.320754716981153
1990-10-01,5.9,11.320754716981153
1990-11-01,6.2,14.814814814814813
1990-12-01,6.3,16.66666666666665
1991-01-01,6.4,18.518518518518512
1991-02-01,6.6,24.52830188679245
1991-03-01,6.8,30.76923076923077
1991-04-01,6.7,24.07407407407407
1991-05-01,6.9,27.777777777777768
1991-06-01,6.9,32.692307692307686
1991-07-01,6.8,23.636363636363633
1991-08-01,6.9,21.052631578947366
1991-09-01,6.9,16.94915254237288
1991-10-01,7.0,18.644067796610166
1991-11-01,7.0,12.903225806451601
1991-12-01,7.3,15.873015873015884
1992-01-01,7.3,14.0625
1992-02-01,7.4,12.121212121212132
1992-03-01,7.4,8.823529411764719
1992-04-01,7.4,10.447761194029859
1992-05-01,7.6,10.144927536231862
1992-06-01,7.8,13.043478260869556
1992-07-01,7.7,13.235294117647056
1992-08-01,7.6,10.144927536231862
1992-09-01,7.6,10.144927536231862
1992-10-01,7.3,4.285714285714293
1992-11-01,7.4,5.714285714285716
1992-12-01,7.4,1.3698630136986356
1993-01-01,7.3,0.0
1993-02-01,7.1,-4.054054054054069
1993-03-01,7.0,-5.405405405405405
1993-04-01,7.1,-4.054054054054069
1993-05-01,7.1,-6.578947368421051
1993-06-01,7.0,-10.256410256410254
1993-07-01,6.9,-10.389610389610382
1993-08-01,6.8,-10.526315789473683
1993-09-01,6.7,-11.842105263157887
1993-10-01,6.8,-6.849315068493156
1993-11-01,6.6,-10.810810810810823
1993-12-01,6.5,-12.162162162162172
1994-01-01,6.6,-9.589041095890416
1994-02-01,6.6,-7.042253521126762
1994-03-01,6.5,-7.14285714285714
1994-04-01,6.4,-9.859154929577452
1994-05-01,6.1,-14.084507042253524
1994-06-01,6.1,-12.857142857142867
1994-07-01,6.1,-11.594202898550732
1994-08-01,6.0,-11.764705882352944
1994-09-01,5.9,-11.940298507462687
1994-10-01,5.8,-14.70588235294118
1994-11-01,5.6,-15.151515151515149
1994-12-01,5.5,-15.384615384615385
1995-01-01,5.6,-15.151515151515149
1995-02-01,5.4,-18.181818181818176
1995-03-01,5.4,-16.92307692307692
1995-04-01,5.8,-9.37500000000001
1995-05-01,5.6,-8.196721311475407
1995-06-01,5.6,-8.196721311475407
1995-07-01,5.7,-6.5573770491803245
1995-08-01,5.7,-4.999999999999993
1995-09-01,5.6,-5.084745762711873
1995-10-01,5.5,-5.1724137931034475
1995-11-01,5.6,0.0
1995-12-01,5.6,1.8181818181818077
1996-01-01,5.6,0.0
1996-02-01,5.5,1.8518518518518379
1996-03-01,5.5,1.8518518518518379
1996-04-01,5.6,-3.4482758620689724
1996-05-01,5.6,0.0
1996-06-01,5.3,-5.357142857142849
1996-07-01,5.5,-3.508771929824561
1996-08-01,5.1,-10.526315789473696
1996-09-01,5.2,-7.142857142857128
1996-10-01,5.2,-5.454545454545457
1996-11-01,5.4,-3.5714285714285587
1996-12-01,5.4,-3.5714285714285587
1997-01-01,5.3,-5.357142857142849
1997-02-01,5.2,-5.454545454545457
1997-03-01,5.2,-5.454545454545457
1997-04-01,5.1,-8.92857142857143
1997-05-01,4.9,-12.49999999999999
1997-06-01,5.0,-5.660377358490565
1997-07-01,4.9,-10.909090909090901
1997-08-01,4.8,-5.882352941176472
1997-09-01,4.9,-5.769230769230771
1997-10-01,4.7,-9.615384615384615
1997-11-01,4.6,-14.814814814814826
1997-12-01,4.7,-12.962962962962965
1998-01-01,4.6,-13.20754716981133
1998-02-01,4.6,-11.538461538461553
1998-03-01,4.7,-9.615384615384615
1998-04-01,4.3,-15.686274509803921
1998-05-01,4.4,-10.204081632653061
1998-06-01,4.5,-9.999999999999998
1998-07-01,4.5,-8.163265306122458
1998-08-01,4.5,-6.25
1998-09-01,4.6,-6.122448979591855
1998-10-01,4.5,-4.255319148936176
1998-11-01,4.4,-4.347826086956507
1998-12-01,4.4,-6.382978723404253
1999-01-01,4.3,-6.521739130434778
1999-02-01,4.4,-4.347826086956507
1999-03-01,4.2,-10.63829787234043
1999-04-01,4.3,0.0
1999-05-01,4.2,-4.545454545454552
1999-06-01,4.3,-4.444444444444451
1999-07-01,4.3,-4.444444444444451
1999-08-01,4.2,-6.666666666666665
1999-09-01,4.2,-8.695652173913038
1999-10-01,4.1,-8.888888888888902
1999-11-01,4.1,-6.818181818181834
1999-12-01,4.0,-9.090909090909093
2000-01-01,4.0,-6.976744186046513
2000-02-01,4.1,-6.818181818181834
2000-03-01,4.0,-4.761904761904767
2000-04-01,3.8,-11.627906976744185
2000-05-01,4.0,-4.761904761904767
2000-06-01,4.0,-6.976744186046513
2000-07-01,4.0,-6.976744186046513
2000-08-01,4.1,-2.3809523809523947
2000-09-01,3.9,-7.142857142857151
2000-10-01,3.9,-4.8780487804877986
2000-11-01,3.9,-4.8780487804877986
2000-12-01,3.9,-2.500000000000002
2001-01-01,4.2,5.000000000000004
2001-02-01,4.2,2.4390243902439046
2001-03-01,4.3,7.499999999999996
2001-04-01,4.4,15.789473684210531
2001-05-01,4.3,7.499999999999996
2001-06-01,4.5,12.5
2001-07-01,4.6,14.999999999999991
2001-08-01,4.9,19.512195121951237
2001-09-01,5.0,28.205128205128215
2001-10-01,5.3,35.897435897435905
2001-11-01,5.5,41.025641025641036
2001-12-01,5.7,46.15384615384617
2002-01-01,5.7,35.71428571428572
2002-02-01,5.7,35.71428571428572
2002-03-01,5.7,32.558139534883736
2002-04-01,5.9,34.09090909090908
2002-05-01,5.8,34.883720930232556
2002-06-01,5.8,28.888888888888875
2002-07-01,5.8,26.086956521739136
2002-08-01,5.7,16.326530612244895
2002-09-01,5.7,14.000000000000012
2002-10-01,5.7,7.547169811320753
2002-11-01,5.9,7.272727272727275
2002-12-01,6.0,5.263157894736836
2003-01-01,5.8,1.754385964912264
2003-02-01,5.9,3.5087719298245723
2003-03-01,5.9,3.5087719298245723
2003-04-01,6.0,1.6949152542372836
2003-05-01,6.1,5.1724137931034475
2003-06-01,6.3,8.62068965517242
2003-07-01,6.2,6.896551724137945
2003-08-01,6.1,7.017543859649122
2003-09-01,6.1,7.017543859649122
2003-10-01,6.0,5.263157894736836
2003-11-01,5.8,-1.6949152542372947
2003-12-01,5.7,-4.999999999999993
2004-01-01,5.7,-1.724137931034475
2004-02-01,5.6,-5.084745762711873
2004-03-01,5.8,-1.6949152542372947
2004-04-01,5.6,-6.666666666666677
2004-05-01,5.6,-8.196721311475407
2004-06-01,5.6,-11.111111111111116
2004-07-01,5.5,-11.290322580645162
2004-08-01,5.4,-11.475409836065564
2004-09-01,5.4,-11.475409836065564
2004-10-01,5.5,-8.333333333333337
2004-11-01,5.4,-6.896551724137923
2004-12-01,5.4,-5.263157894736836
2005-01-01,5.3,-7.017543859649134
2005-02-01,5.4,-3.5714285714285587
2005-03-01,5.2,-10.344827586206895
2005-04-01,5.2,-7.142857142857128
2005-05-01,5.1,-8.92857142857143
2005-06-01,5.0,-10.71428571428571
2005-07-01,5.0,-9.090909090909093
2005-08-01,4.9,-9.259259259259256
2005-09-01,5.0,-7.407407407407418
2005-10-01,5.0,-9.090909090909093
2005-11-01,5.0,-7.407407407407418
2005-12-01,4.9,-9.259259259259256
2006-01-01,4.7,-11.32075471698113
2006-02-01,4.8,-11.111111111111116
2006-03-01,4.7,-9.615384615384615
2006-04-01,4.7,-9.615384615384615
2006-05-01,4.6,-9.80392156862745
2006-06-01,4.6,-8.000000000000007
2006-07-01,4.7,-5.999999999999995
2006-08-01,4.7,-4.081632653061229
2006-09-01,4.5,-9.999999999999998
2006-10-01,4.4,-11.99999999999999
2006-11-01,4.5,-9.999999999999998
2006-12-01,4.4,-10.204081632653061
2007-01-01,4.6,-2.1276595744680993
2007-02-01,4.5,-6.25
2007-03-01,4.4,-6.382978723404253
2007-04-01,4.5,-4.255319148936176
2007-05-01,4.4,-4.347826086956507
2007-06-01,4.6,0.0
2007-07-01,4.7,0.0
2007-08-01,4.6,-2.1276595744680993
2007-09-01,4.7,4.444444444444451
2007-10-01,4.7,6.818181818181812
2007-11-01,4.7,4.444444444444451
2007-12-01,5.0,13.636363636363624
2008-01-01,5.0,8.69565217391306
2008-02-01,4.9,8.888888888888902
2008-03-01,5.1,15.909090909090896
2008-04-01,5.0,11.111111111111116
2008-05-01,5.4,22.72727272727273
2008-06-01,5.6,21.739130434782616
2008-07-01,5.8,23.404255319148938
2008-08-01,6.1,32.60869565217392
2008-09-01,6.1,29.78723404255319
2008-10-01,6.5,38.29787234042552
2008-11-01,6.8,44.68085106382978
2008-12-01,7.3,46.0
2009-01-01,7.8,56.00000000000001
2009-02-01,8.3,69.38775510204083
2009-03-01,8.7,70.58823529411764
2009-04-01,9.0,80.0
2009-05-01,9.4,74.07407407407408
2009-06-01,9.5,69.64285714285717
2009-07-01,9.5,63.793103448275865
2009-08-01,9.6,57.377049180327866
2009-09-01,9.8,60.65573770491805
2009-10-01,10.0,53.846153846153854
2009-11-01,9.9,45.588235294117666
2009-12-01,9.9,35.616438356164394
2010-01-01,9.8,25.64102564102566
2010-02-01,9.8,18.07228915662651
2010-03-01,9.9,13.793103448275868
2010-04-01,9.9,10.000000000000009
2010-05-01,9.6,2.127659574468077
2010-06-01,9.4,-1.0526315789473606
2010-07-01,9.4,-1.0526315789473606
2010-08-01,9.5,-1.041666666666663
2010-09-01,9.5,-3.0612244897959218
2010-10-01,9.4,-5.999999999999995
2010-11-01,9.8,-1.0101010101010055
2010-12-01,9.3,-6.060606060606055
2011-01-01,9.1,-7.142857142857151
2011-02-01,9.0,-8.163265306122458
2011-03-01,9.0,-9.090909090909093
2011-04-01,9.1,-8.080808080808088
2011-05-01,9.0,-6.25
2011-06-01,9.1,-3.191489361702138
2011-07-01,9.0,-4.255319148936176
2011-08-01,9.0,-5.263157894736848
2011-09-01,9.0,-5.263157894736848
2011-10-01,8.8,-6.382978723404253
2011-11-01,8.6,-12.244897959183687
2011-12-01,8.5,-8.602150537634412
2012-01-01,8.3,-8.791208791208781
2012-02-01,8.3,-7.777777777777772
2012-03-01,8.2,-8.888888888888902
2012-04-01,8.2,-9.8901098901099
2012-05-01,8.2,-8.888888888888902
2012-06-01,8.2,-9.8901098901099
2012-07-01,8.2,-8.888888888888902
2012-08-01,8.1,-10.000000000000009
2012-09-01,7.8,-13.33333333333333
2012-10-01,7.8,-11.363636363636376
2012-11-01,7.7,-10.465116279069765
2012-12-01,7.9,-7.058823529411762
2013-01-01,8.0,-3.614457831325313
2013-02-01,7.7,-7.2289156626506035
2013-03-01,7.5,-8.536585365853655
2013-04-01,7.6,-7.317073170731703
2013-05-01,7.5,-8.536585365853655
2013-06-01,7.5,-8.536585365853655
2013-07-01,7.3,-10.97560975609756
2013-08-01,7.2,-11.111111111111105
2013-09-01,7.2,-7.692307692307687
2013-10-01,7.2,-7.692307692307687
2013-11-01,6.9,-10.389610389610382
2013-12-01,6.7,-15.189873417721522
2014-01-01,6.6,-17.500000000000004
2014-02-01,6.7,-12.987012987012992
2014-03-01,6.7,-10.666666666666668
2014-04-01,6.2,-18.421052631578938
2014-05-01,6.3,-16.000000000000004
2014-06-01,6.1,-18.666666666666675
2014-07-01,6.2,-15.068493150684926
2014-08-01,6.1,-15.27777777777779
2014-09-01,5.9,-18.055555555555557
2014-10-01,5.7,-20.833333333333336
2014-11-01,5.8,-15.94202898550725
2014-12-01,5.6,-16.417910447761198
2015-01-01,5.7,-13.636363636363624
2015-02-01,5.5,-17.910447761194035
2015-03-01,5.4,-19.402985074626866
2015-04-01,5.4,-12.903225806451612
2015-05-01,5.6,-11.111111111111116
2015-06-01,5.3,-13.114754098360649
2015-07-01,5.2,-16.129032258064512
2015-08-01,5.1,-16.393442622950815
2015-09-01,5.0,-15.254237288135597
2015-10-01,5.0,-12.28070175438597
2015-11-01,5.1,-12.06896551724138
2015-12-01,5.0,-10.71428571428571
2016-01-01,4.8,-15.789473684210531
2016-02-01,4.9,-10.909090909090901
2016-03-01,5.0,-7.407407407407418
2016-04-01,5.1,-5.55555555555557
2016-05-01,4.8,-14.28571428571428
2016-06-01,4.9,-7.547169811320742
2016-07-01,4.8,-7.692307692307699
2016-08-01,4.9,-3.9215686274509665
2016-09-01,5.0,0.0
2016-10-01,4.9,-1.9999999999999907
2016-11-01,4.7,-7.843137254901955
2016-12-01,4.7,-5.999999999999995
2017-01-01,4.7,-2.083333333333326
2017-02-01,4.6,-6.122448979591855
2017-03-01,4.4,-11.99999999999999
2017-04-01,4.4,-13.725490196078416
2017-05-01,4.4,-8.333333333333325
2017-06-01,4.3,-12.244897959183687
2017-07-01,4.3,-10.416666666666663
2017-08-01,4.4,-10.204081632653061
2017-09-01,4.3,-14.000000000000002
2017-10-01,4.2,-14.28571428571429
2017-11-01,4.2,-10.63829787234043
2017-12-01,4.1,-12.765957446808518
2018-01-01,4.0,-14.893617021276595
2018-02-01,4.1,-10.869565217391308
2018-03-01,4.0,-9.090909090909093
2018-04-01,4.0,-9.090909090909093
2018-05-01,3.8,-13.636363636363647
2018-06-01,4.0,-6.976744186046513
2018-07-01,3.8,-11.627906976744185
2018-08-01,3.8,-13.636363636363647
2018-09-01,3.7,-13.953488372093014
2018-10-01,3.8,-9.523809523809534
2018-11-01,3.8,-9.523809523809534
2018-12-01,3.9,-4.8780487804877986
2019-01-01,4.0,0.0
2019-02-01,3.8,-7.317073170731703
2019-03-01,3.8,-5.000000000000004
2019-04-01,3.7,-7.499999999999996
2019-05-01,3.6,-5.263157894736836
2019-06-01,3.6,-9.999999999999998
2019-07-01,3.7,-2.631578947368407
2019-08-01,3.6,-5.263157894736836
2019-09-01,3.5,-5.405405405405405
2019-10-01,3.6,-5.263157894736836
2019-11-01,3.6,-5.263157894736836
2019-12-01,3.6,-7.692307692307687
2020-01-01,3.6,-9.999999999999998
2020-02-01,3.5,-7.894736842105255
2020-03-01,4.4,15.789473684210531
2020-04-01,14.8,300.0
2020-05-01,13.2,266.66666666666663
2020-06-01,11.0,205.55555555555554
2020-07-01,10.2,175.67567567567565
2020-08-01,8.4,133.33333333333334
2020-09-01,7.8,122.85714285714286
2020-10-01,6.9,91.66666666666667
2020-11-01,6.7,86.11111111111111
2020-12-01,6.7,86.11111111111111
2021-01-01,6.4,77.77777777777779
2021-02-01,6.2,77.14285714285715
2021-03-01,6.1,38.636363636363626
2021-04-01,6.1,-58.7837837837838
2021-05-01,5.8,-56.060606060606055
2021-06-01,5.9,-46.36363636363636
2021-07-01,5.4,-47.058823529411754
2021-08-01,5.1,-39.28571428571429
2021-09-01,4.7,-39.74358974358974
2021-10-01,4.5,-34.78260869565217
2021-11-01,4.2,-37.31343283582089
2021-12-01,3.9,-41.7910447761194
2022-01-01,4.0,-37.5
2022-02-01,3.8,-38.70967741935485
2022-03-01,3.7,-39.344262295081954
2022-04-01,3.7,-39.344262295081954
2022-05-01,3.6,-37.93103448275862
2022-06-01,3.6,-38.98305084745763
2022-07-01,3.5,-35.18518518518518
2022-08-01,3.6,-29.411764705882348
2022-09-01,3.5,-25.531914893617024
2022-10-01,3.6,-19.999999999999996
2022-11-01,3.6,-14.28571428571429
2022-12-01,3.5,-10.256410256410254
2023-01-01,3.5,-12.5
2023-02-01,3.6,-5.263157894736836
2023-03-01,3.5,-5.405405405405405
2023-04-01,3.4,-8.108108108108114
2023-05-01,3.6,0.0
2023-06-01,3.6,0.0
2023-07-01,3.5,0.0
2023-08-01,3.7,2.77777777777779
2023-09-01,3.8,8.571428571428562
2023-10-01,3.9,8.333333333333325
2023-11-01,3.7,2.77777777777779
2023-12-01,3.8,8.571428571428562
2024-01-01,3.7,5.714285714285716
2024-02-01,3.9,8.333333333333325
2024-03-01,3.9,11.428571428571432
2024-04-01,3.9,14.705882352941169
2024-05-01,4.0,11.111111111111116
2024-06-01,4.1,13.888888888888884
2024-07-01,4.2,19.999999999999996
2024-08-01,4.2,13.513513513513509
2024-09-01,4.1,7.8947368421052655
2024-10-01,4.1,5.128205128205132
2024-11-01,4.2,13.513513513513509
2024-12-01,4.1,7.8947368421052655
2025-01-01,4.0,8.108108108108091
2025-02-01,4.1,5.128205128205132
2025-03-01,4.2,7.692307692307709
2025-04-01,4.2,7.692307692307709
2025-05-01,4.2,5.000000000000004
2025-06-01,4.1,0.0
